{
    "alpha": 100,
    "hidden_states": {
        "broiler_line_A": [
            0.0,
            0.02464506558256545,
            0.030361506838339807,
            0.03938722537311221,
            0.04964990546329196,
            0.06314606319027843,
            0.08327455759510471,
            0.11639712934241403,
            1.080986660796476,
            2.9176753271943294,
            5.701790288693084,
            9.324003832521704,
            12.677930746154319,
            16.809954432691406,
            21.051394865199846,
            24.893954296254197,
            34.71220099324717,
            Infinity
        ]
    },
    "model": {
        "N0": 26178.010471204194,
        "class": "SMCModel",
        "knots": [
            0.02464506558256545,
            0.03938722537311221,
            0.06314606319027843,
            0.11639712934241403,
            2.9176753271943294,
            9.324003832521704,
            16.809954432691406,
            24.893954296254197
        ],
        "pid": "broiler_line_A",
        "spline_class": "Piecewise",
        "y": [
            0.9838630011129577,
            1.24164823995763,
            -1.1936530900218902,
            2.2089768391277853,
            3.719895929780364,
            3.2287582540337225,
            3.0869352494456037,
            2.4168477120191345
        ]
    },
    "rho": 0.002256968096667274,
    "theta": 0.0001
}