{
    "alpha": 100,
    "hidden_states": {
        "broiler_line_A": [
            0.0,
            0.02464506558256545,
            0.030361506838339807,
            0.03938722537311221,
            0.04964990546329196,
            0.06314606319027843,
            0.08327455759510471,
            0.11639712934241403,
            1.080986660796476,
            2.9176753271943294,
            5.701790288693084,
            9.324003832521704,
            12.677930746154319,
            16.809954432691406,
            21.051394865199846,
            24.893954296254197,
            34.71220099324717,
            Infinity
        ]
    },
    "model": {
        "N0": 26178.010471204194,
        "class": "SMCModel",
        "knots": [
            0.02464506558256545,
            0.03938722537311221,
            0.06314606319027843,
            0.11639712934241403,
            2.9176753271943294,
            9.324003832521704,
            16.809954432691406,
            24.893954296254197
        ],
        "pid": "broiler_line_A",
        "spline_class": "Piecewise",
        "y": [
            0.7386195699917758,
            1.3429459859674164,
            -1.2476412666631909,
            2.2699542106824437,
            3.741651432629966,
            3.211591752439967,
            3.1129385756427004,
            2.4475348965812995
        ]
    },
    "rho": 0.002582865423953936,
    "theta": 0.0001
}