{
    "alpha": 100,
    "hidden_states": {
        "broiler_line_A": [
            0.0,
            0.02464506558256545,
            0.030361506838339807,
            0.03938722537311221,
            0.04964990546329196,
            0.06314606319027843,
            0.08327455759510471,
            0.11639712934241403,
            1.080986660796476,
            2.9176753271943294,
            5.701790288693084,
            9.324003832521704,
            12.677930746154319,
            16.809954432691406,
            21.051394865199846,
            24.893954296254197,
            34.71220099324717,
            Infinity
        ]
    },
    "model": {
        "N0": 26178.010471204194,
        "class": "SMCModel",
        "knots": [
            0.02464506558256545,
            0.03938722537311221,
            0.06314606319027843,
            0.11639712934241403,
            2.9176753271943294,
            9.324003832521704,
            16.809954432691406,
            24.893954296254197
        ],
        "pid": "broiler_line_A",
        "spline_class": "Piecewise",
        "y": [
            5.846060228964238,
            1.1021336282301164,
            -0.5581920119922115,
            1.8189729197702915,
            3.3860437811727633,
            3.2049917436746114,
            3.0520480070362583,
            2.3754359880813567
        ]
    },
    "rho": 0.0005007282625252993,
    "theta": 0.0001
}