{
    "alpha": 100,
    "hidden_states": {
        "brown_layer": [
            0.0,
            0.00835352804966761,
            0.011052779956789095,
            0.014655746755899642,
            0.01868957779125508,
            0.024358325864196083,
            0.03117639371518245,
            0.03966651142638496,
            0.05006884969089229,
            0.06333769501831925,
            0.0827307684492474,
            0.1180703420610375,
            1.376970183821644,
            5.522677953450429,
            11.018761613360562,
            17.67521292736089,
            28.155415020985384,
            Infinity
        ]
    },
    "model": {
        "N0": 26178.010471204194,
        "class": "SMCModel",
        "knots": [
            0.00835352804966761,
            0.014655746755899642,
            0.024358325864196083,
            0.03966651142638496,
            0.06333769501831925,
            0.1180703420610375,
            5.522677953450429,
            17.67521292736089
        ],
        "pid": "brown_layer",
        "spline_class": "Piecewise",
        "y": [
            -1.3436447002888052,
            -1.5214875927599527,
            -2.1435164393088724,
            -0.6945644054079831,
            -1.919942268902615,
            3.026611922040652,
            3.2264540257792387,
            2.360701747687437
        ]
    },
    "rho": 0.004340318786495721,
    "theta": 0.0001
}