{
    "alpha": 100,
    "hidden_states": {
        "brown_layer": [
            0.0,
            0.00835352804966761,
            0.011052779956789095,
            0.014655746755899642,
            0.01868957779125508,
            0.024358325864196083,
            0.03117639371518245,
            0.03966651142638496,
            0.05006884969089229,
            0.06333769501831925,
            0.0827307684492474,
            0.1180703420610375,
            1.376970183821644,
            5.522677953450429,
            11.018761613360562,
            17.67521292736089,
            28.155415020985384,
            Infinity
        ]
    },
    "model": {
        "N0": 26178.010471204194,
        "class": "SMCModel",
        "knots": [
            0.00835352804966761,
            0.014655746755899642,
            0.024358325864196083,
            0.03966651142638496,
            0.06333769501831925,
            0.1180703420610375,
            5.522677953450429,
            17.67521292736089
        ],
        "pid": "brown_layer",
        "spline_class": "Piecewise",
        "y": [
            -1.3324680592618692,
            -2.152798766977914,
            -2.407175744319297,
            0.7323075465535983,
            -1.9174522735198998,
            3.1459120937931684,
            3.1688513261063718,
            2.494721405807959
        ]
    },
    "rho": 0.007102391923081939,
    "theta": 0.0001
}