{
    "alpha": 100,
    "hidden_states": {
        "brown_layer": [
            0.0,
            0.008625909052100034,
            0.011403317911590969,
            0.014823383704637963,
            0.019254208242675718,
            0.024800064808591017,
            0.03142008068377357,
            0.03934077645577195,
            0.04949064706215239,
            0.06294362369074386,
            0.0826015850229646,
            0.1199652717631443,
            1.4845929930099204,
            5.673782928549797,
            10.84749320699502,
            17.628667357747698,
            28.326091106555037,
            Infinity
        ]
    },
    "model": {
        "N0": 26178.010471204194,
        "class": "SMCModel",
        "knots": [
            0.008625909052100034,
            0.014823383704637963,
            0.024800064808591017,
            0.03934077645577195,
            0.06294362369074386,
            0.1199652717631443,
            5.673782928549797,
            17.628667357747698
        ],
        "pid": "brown_layer",
        "spline_class": "Piecewise",
        "y": [
            -0.3296066223995256,
            -0.3296066223995256,
            -0.3296066223995256,
            -0.3296066223995256,
            -0.3296066223995256,
            1.8708043967606294,
            1.8884137576734377,
            3.0013412652975493
        ]
    },
    "rho": 0.00029843296935827616,
    "theta": 0.0001
}