{
    "alpha": 100,
    "hidden_states": {
        "white_layer": [
            0.0,
            0.006467560130226582,
            0.008452868531277446,
            0.01116765834877193,
            0.01469405866030338,
            0.018542584248484806,
            0.023704784672394785,
            0.03023504788879054,
            0.038003037718079176,
            0.047854950870926075,
            0.061063249824036096,
            0.08060553942451644,
            0.13780959934166845,
            2.7896893174294117,
            7.526269094837186,
            13.910005042841009,
            28.028341974468336,
            Infinity
        ]
    },
    "model": {
        "N0": 26178.010471204194,
        "class": "SMCModel",
        "knots": [
            0.006467560130226582,
            0.01116765834877193,
            0.018542584248484806,
            0.03023504788879054,
            0.047854950870926075,
            0.08060553942451644,
            2.7896893174294117,
            13.910005042841009
        ],
        "pid": "white_layer",
        "spline_class": "Piecewise",
        "y": [
            -2.736040404084428,
            0.06294457462612944,
            -1.7233420904123105,
            -0.9023506576238899,
            -2.831201194916589,
            2.1817775217643915,
            3.5207132348802674,
            2.6659122750393798
        ]
    },
    "rho": 0.005567680857964051,
    "theta": 0.0001
}