{
    "alpha": 100,
    "hidden_states": {
        "white_layer": [
            0.0,
            0.006467560130226582,
            0.008452868531277446,
            0.01116765834877193,
            0.01469405866030338,
            0.018542584248484806,
            0.023704784672394785,
            0.03023504788879054,
            0.038003037718079176,
            0.047854950870926075,
            0.061063249824036096,
            0.08060553942451644,
            0.13780959934166845,
            2.7896893174294117,
            7.526269094837186,
            13.910005042841009,
            28.028341974468336,
            Infinity
        ]
    },
    "model": {
        "N0": 26178.010471204194,
        "class": "SMCModel",
        "knots": [
            0.006467560130226582,
            0.01116765834877193,
            0.018542584248484806,
            0.03023504788879054,
            0.047854950870926075,
            0.08060553942451644,
            2.7896893174294117,
            13.910005042841009
        ],
        "pid": "white_layer",
        "spline_class": "Piecewise",
        "y": [
            -2.6200961099843068,
            1.0822378489098519,
            -1.620847851658256,
            -1.5366577422204404,
            -2.6349672060749523,
            1.9457618097054048,
            3.6003781207865395,
            2.5583852296518232
        ]
    },
    "rho": 0.003061400200827591,
    "theta": 0.0001
}