{
    "alpha": 100,
    "hidden_states": {
        "broiler_line_A": [
            0.0,
            0.0312772073654523,
            0.0409193401494266,
            0.05311306368146763,
            0.0680136830099531,
            0.08694384784307377,
            0.11266618880127302,
            0.15394982476025856,
            0.9223669470046515,
            2.844847160070713,
            5.670758636622644,
            9.407636247962111,
            13.313069138913647,
            17.109432239201006,
            20.833181136582393,
            24.770468241393836,
            33.99315376549244,
            Infinity
        ]
    },
    "model": {
        "N0": 26178.010471204194,
        "class": "SMCModel",
        "knots": [
            0.0312772073654523,
            0.05311306368146763,
            0.08694384784307377,
            0.15394982476025856,
            2.844847160070713,
            9.407636247962111,
            17.109432239201006,
            24.770468241393836
        ],
        "pid": "broiler_line_A",
        "spline_class": "Piecewise",
        "y": [
            0.013554249654323353,
            0.8059510559856117,
            -1.0231826366484553,
            2.307751082323631,
            3.7684350839676775,
            3.115203678708912,
            3.2908272970041694,
            2.4103899676115534
        ]
    },
    "rho": 0.0030435446079411293,
    "theta": 0.0001
}