{
    "alpha": 100,
    "hidden_states": {
        "broiler_line_A": [
            0.0,
            0.0312772073654523,
            0.0409193401494266,
            0.05311306368146763,
            0.0680136830099531,
            0.08694384784307377,
            0.11266618880127302,
            0.15394982476025856,
            0.9223669470046515,
            2.844847160070713,
            5.670758636622644,
            9.407636247962111,
            13.313069138913647,
            17.109432239201006,
            20.833181136582393,
            24.770468241393836,
            33.99315376549244,
            Infinity
        ]
    },
    "model": {
        "N0": 26178.010471204194,
        "class": "SMCModel",
        "knots": [
            0.0312772073654523,
            0.05311306368146763,
            0.08694384784307377,
            0.15394982476025856,
            2.844847160070713,
            9.407636247962111,
            17.109432239201006,
            24.770468241393836
        ],
        "pid": "broiler_line_A",
        "spline_class": "Piecewise",
        "y": [
            0.7613549258342619,
            0.3433594677805131,
            -0.7122635305361742,
            2.012994184101978,
            3.6365591119232246,
            3.2043230402880694,
            3.150301070214316,
            2.2438163080797966
        ]
    },
    "rho": 0.0014890104420524025,
    "theta": 0.0001
}