{
    "alpha": 100,
    "hidden_states": {
        "broiler_line_A": [
            0.0,
            0.0312772073654523,
            0.0409193401494266,
            0.05311306368146763,
            0.0680136830099531,
            0.08694384784307377,
            0.11266618880127302,
            0.15394982476025856,
            0.9223669470046515,
            2.844847160070713,
            5.670758636622644,
            9.407636247962111,
            13.313069138913647,
            17.109432239201006,
            20.833181136582393,
            24.770468241393836,
            33.99315376549244,
            Infinity
        ]
    },
    "model": {
        "N0": 26178.010471204194,
        "class": "SMCModel",
        "knots": [
            0.0312772073654523,
            0.05311306368146763,
            0.08694384784307377,
            0.15394982476025856,
            2.844847160070713,
            9.407636247962111,
            17.109432239201006,
            24.770468241393836
        ],
        "pid": "broiler_line_A",
        "spline_class": "Piecewise",
        "y": [
            -0.40701342425302844,
            2.057601422372641,
            -1.1513048046051326,
            2.5440661354158767,
            3.797692741407867,
            3.0096745616711775,
            3.412192748420776,
            2.550918015162084
        ]
    },
    "rho": 0.0049212229852943845,
    "theta": 0.0001
}