{
    "alpha": 100,
    "hidden_states": {
        "red_junglefowl": [
            0.0,
            0.9694552676833971,
            1.3689838673353716,
            2.1738853586730427,
            3.045970989658039,
            4.279226978468669,
            5.7425517909735095,
            7.167981480452134,
            8.865775126501159,
            10.808635204900717,
            13.213821801876186,
            15.754173998364026,
            18.780687747012355,
            21.301549637569554,
            23.428501641376844,
            25.997329601460457,
            33.18615721643348,
            Infinity
        ]
    },
    "model": {
        "N0": 26178.010471204194,
        "class": "SMCModel",
        "knots": [
            0.9694552676833971,
            2.1738853586730427,
            4.279226978468669,
            7.167981480452134,
            10.808635204900717,
            15.754173998364026,
            21.301549637569554,
            25.997329601460457
        ],
        "pid": "red_junglefowl",
        "spline_class": "Piecewise",
        "y": [
            2.390660865459027,
            3.563845134520595,
            3.3360899565062128,
            3.421323332821544,
            2.9789059450930306,
            2.892654470903765,
            1.4277967071506619,
            2.794643740038831
        ]
    },
    "rho": 0.0027413952492637574,
    "theta": 0.0001
}