{
    "alpha": 100,
    "hidden_states": {
        "red_junglefowl": [
            0.0,
            0.9694552676833971,
            1.3689838673353716,
            2.1738853586730427,
            3.045970989658039,
            4.279226978468669,
            5.7425517909735095,
            7.167981480452134,
            8.865775126501159,
            10.808635204900717,
            13.213821801876186,
            15.754173998364026,
            18.780687747012355,
            21.301549637569554,
            23.428501641376844,
            25.997329601460457,
            33.18615721643348,
            Infinity
        ]
    },
    "model": {
        "N0": 26178.010471204194,
        "class": "SMCModel",
        "knots": [
            0.9694552676833971,
            2.1738853586730427,
            4.279226978468669,
            7.167981480452134,
            10.808635204900717,
            15.754173998364026,
            21.301549637569554,
            25.997329601460457
        ],
        "pid": "red_junglefowl",
        "spline_class": "Piecewise",
        "y": [
            2.0463931364095003,
            2.699226212744839,
            3.040169387845601,
            3.1593804808192862,
            2.574149790476676,
            2.7141031066696897,
            1.9648157645810194,
            4.165991582197488
        ]
    },
    "rho": 0.00017483346473665443,
    "theta": 0.0001
}