{
    "alpha": 100,
    "hidden_states": {
        "red_junglefowl": [
            0.0,
            0.9694552676833971,
            1.3689838673353716,
            2.1738853586730427,
            3.045970989658039,
            4.279226978468669,
            5.7425517909735095,
            7.167981480452134,
            8.865775126501159,
            10.808635204900717,
            13.213821801876186,
            15.754173998364026,
            18.780687747012355,
            21.301549637569554,
            23.428501641376844,
            25.997329601460457,
            33.18615721643348,
            Infinity
        ]
    },
    "model": {
        "N0": 26178.010471204194,
        "class": "SMCModel",
        "knots": [
            0.9694552676833971,
            2.1738853586730427,
            4.279226978468669,
            7.167981480452134,
            10.808635204900717,
            15.754173998364026,
            21.301549637569554,
            25.997329601460457
        ],
        "pid": "red_junglefowl",
        "spline_class": "Piecewise",
        "y": [
            2.462363770397493,
            3.6905440233000446,
            3.305092241729056,
            3.371885049950204,
            2.969690900162917,
            2.9408994112708227,
            1.528113563246398,
            2.796898760112354
        ]
    },
    "rho": 0.003761798623135094,
    "theta": 0.0001
}