{
    "alpha": 100,
    "hidden_states": {
        "broiler_line_B": [
            0.0,
            0.014658811831942137,
            0.01884513724862483,
            0.023912803599709136,
            0.029766726636053377,
            0.03751018049894919,
            0.04770542823667009,
            0.06185573291540172,
            0.08668980885650862,
            0.8797568160524852,
            2.6575323652363925,
            6.126850775478907,
            10.051971610408259,
            14.757699945226243,
            19.412856805060315,
            23.934068835987762,
            34.13255085622446,
            Infinity
        ]
    },
    "model": {
        "N0": 26178.010471204194,
        "class": "SMCModel",
        "knots": [
            0.014658811831942137,
            0.023912803599709136,
            0.03751018049894919,
            0.06185573291540172,
            0.8797568160524852,
            6.126850775478907,
            14.757699945226243,
            23.934068835987762
        ],
        "pid": "broiler_line_B",
        "spline_class": "Piecewise",
        "y": [
            1.4932378546016014,
            1.4932378546016014,
            1.4932378546016014,
            1.4932378546016014,
            1.4932378546016014,
            1.4932378546016014,
            4.851264108724546,
            4.8511341244004615
        ]
    },
    "rho": 0.0001,
    "theta": 0.0001
}