{
    "alpha": 100,
    "hidden_states": {
        "broiler_line_A": [
            0.0,
            0.03853240365039115,
            0.05042735864943443,
            0.06471395993340343,
            0.0825772054650296,
            0.10775796280141484,
            0.1460809561820679,
            0.2228073618709897,
            1.8355748065514863,
            3.778796816782781,
            6.355146898511572,
            9.77173569439886,
            13.046822898215801,
            17.231031106063828,
            20.753702627767026,
            24.80299676954624,
            34.946426881537086,
            Infinity
        ]
    },
    "model": {
        "N0": 26178.010471204194,
        "class": "SMCModel",
        "knots": [
            0.03853240365039115,
            0.06471395993340343,
            0.10775796280141484,
            0.2228073618709897,
            3.778796816782781,
            9.77173569439886,
            17.231031106063828,
            24.80299676954624
        ],
        "pid": "broiler_line_A",
        "spline_class": "Piecewise",
        "y": [
            2.276669958116165,
            0.37405668902133044,
            0.017007799988962867,
            2.0066833959690817,
            3.214047152499566,
            3.0146646175970173,
            2.93771537783435,
            2.441104969621323
        ]
    },
    "rho": 0.0001882542398958282,
    "theta": 0.0001
}