{
    "alpha": 100,
    "hidden_states": {
        "broiler_line_A": [
            0.0,
            0.03853240365039115,
            0.05042735864943443,
            0.06471395993340343,
            0.0825772054650296,
            0.10775796280141484,
            0.1460809561820679,
            0.2228073618709897,
            1.8355748065514863,
            3.778796816782781,
            6.355146898511572,
            9.77173569439886,
            13.046822898215801,
            17.231031106063828,
            20.753702627767026,
            24.80299676954624,
            34.946426881537086,
            Infinity
        ]
    },
    "model": {
        "N0": 26178.010471204194,
        "class": "SMCModel",
        "knots": [
            0.03853240365039115,
            0.06471395993340343,
            0.10775796280141484,
            0.2228073618709897,
            3.778796816782781,
            9.77173569439886,
            17.231031106063828,
            24.80299676954624
        ],
        "pid": "broiler_line_A",
        "spline_class": "Piecewise",
        "y": [
            -0.20493348825924146,
            3.6594422351083424,
            -0.8059453606667504,
            2.856394518340511,
            3.8042762296291386,
            3.262647460257605,
            2.7810649539899233,
            2.630430424670982
        ]
    },
    "rho": 0.004064837919880098,
    "theta": 0.0001
}