{
    "alpha": 100,
    "hidden_states": {
        "broiler_line_A": [
            0.0,
            0.03853240365039115,
            0.05042735864943443,
            0.06471395993340343,
            0.0825772054650296,
            0.10775796280141484,
            0.1460809561820679,
            0.2228073618709897,
            1.8355748065514863,
            3.778796816782781,
            6.355146898511572,
            9.77173569439886,
            13.046822898215801,
            17.231031106063828,
            20.753702627767026,
            24.80299676954624,
            34.946426881537086,
            Infinity
        ]
    },
    "model": {
        "N0": 26178.010471204194,
        "class": "SMCModel",
        "knots": [
            0.03853240365039115,
            0.06471395993340343,
            0.10775796280141484,
            0.2228073618709897,
            3.778796816782781,
            9.77173569439886,
            17.231031106063828,
            24.80299676954624
        ],
        "pid": "broiler_line_A",
        "spline_class": "Piecewise",
        "y": [
            0.5789683769159147,
            1.0703648883144359,
            -0.6419377636815482,
            2.4294293986902513,
            3.7548618871826105,
            3.33492330752041,
            2.751160990210352,
            2.379796270723928
        ]
    },
    "rho": 0.0015571730453739125,
    "theta": 0.0001
}