{
    "alpha": 100,
    "hidden_states": {
        "broiler_line_A": [
            0.0,
            0.03853240365039115,
            0.05042735864943443,
            0.06471395993340343,
            0.0825772054650296,
            0.10775796280141484,
            0.1460809561820679,
            0.2228073618709897,
            1.8355748065514863,
            3.778796816782781,
            6.355146898511572,
            9.77173569439886,
            13.046822898215801,
            17.231031106063828,
            20.753702627767026,
            24.80299676954624,
            34.946426881537086,
            Infinity
        ]
    },
    "model": {
        "N0": 26178.010471204194,
        "class": "SMCModel",
        "knots": [
            0.03853240365039115,
            0.06471395993340343,
            0.10775796280141484,
            0.2228073618709897,
            3.778796816782781,
            9.77173569439886,
            17.231031106063828,
            24.80299676954624
        ],
        "pid": "broiler_line_A",
        "spline_class": "Piecewise",
        "y": [
            -0.24416015925123294,
            3.8209310783551307,
            -0.8075434638314976,
            2.8862142239006903,
            3.798281819857008,
            3.255178572668475,
            2.7809261538141925,
            2.6510599699085526
        ]
    },
    "rho": 0.004338178286310595,
    "theta": 0.0001
}