{
    "alpha": 100,
    "hidden_states": {
        "brown_layer": [
            0.0,
            0.008094139686937884,
            0.010806606610381325,
            0.01394027616454129,
            0.01841961280713926,
            0.023533919437202917,
            0.02994018822530881,
            0.03810728788721363,
            0.04798258673269128,
            0.06053821935034997,
            0.07886588758359867,
            0.10923844102222388,
            1.19676335646868,
            5.259362116389435,
            10.712206427196133,
            17.64402149015062,
            28.033452987312707,
            Infinity
        ]
    },
    "model": {
        "N0": 26178.010471204194,
        "class": "SMCModel",
        "knots": [
            0.008094139686937884,
            0.01394027616454129,
            0.023533919437202917,
            0.03810728788721363,
            0.06053821935034997,
            0.10923844102222388,
            5.259362116389435,
            17.64402149015062
        ],
        "pid": "brown_layer",
        "spline_class": "Piecewise",
        "y": [
            -1.6841147623777575,
            -1.5583199633459845,
            -2.5383524056521716,
            0.5781904258978772,
            -2.1028981619141,
            3.1252450547336563,
            3.1879823262067184,
            2.4847973425438425
        ]
    },
    "rho": 0.006555200715754576,
    "theta": 0.0001
}