{
    "alpha": 100,
    "hidden_states": {
        "brown_layer": [
            0.0,
            0.008094139686937884,
            0.010806606610381325,
            0.01394027616454129,
            0.01841961280713926,
            0.023533919437202917,
            0.02994018822530881,
            0.03810728788721363,
            0.04798258673269128,
            0.06053821935034997,
            0.07886588758359867,
            0.10923844102222388,
            1.19676335646868,
            5.259362116389435,
            10.712206427196133,
            17.64402149015062,
            28.033452987312707,
            Infinity
        ]
    },
    "model": {
        "N0": 26178.010471204194,
        "class": "SMCModel",
        "knots": [
            0.008094139686937884,
            0.01394027616454129,
            0.023533919437202917,
            0.03810728788721363,
            0.06053821935034997,
            0.10923844102222388,
            5.259362116389435,
            17.64402149015062
        ],
        "pid": "brown_layer",
        "spline_class": "Piecewise",
        "y": [
            0.0579456740931003,
            4.006240098024041,
            -0.44960331006703574,
            -1.0355426480838996,
            -1.3865288960263378,
            1.7939813634579131,
            2.915652748086504,
            2.3698385375026736
        ]
    },
    "rho": 0.0002064326638770253,
    "theta": 0.0001
}