{
    "alpha": 100,
    "hidden_states": {
        "brown_layer": [
            0.0,
            0.008094139686937884,
            0.010806606610381325,
            0.01394027616454129,
            0.01841961280713926,
            0.023533919437202917,
            0.02994018822530881,
            0.03810728788721363,
            0.04798258673269128,
            0.06053821935034997,
            0.07886588758359867,
            0.10923844102222388,
            1.19676335646868,
            5.259362116389435,
            10.712206427196133,
            17.64402149015062,
            28.033452987312707,
            Infinity
        ]
    },
    "model": {
        "N0": 26178.010471204194,
        "class": "SMCModel",
        "knots": [
            0.008094139686937884,
            0.01394027616454129,
            0.023533919437202917,
            0.03810728788721363,
            0.06053821935034997,
            0.10923844102222388,
            5.259362116389435,
            17.64402149015062
        ],
        "pid": "brown_layer",
        "spline_class": "Piecewise",
        "y": [
            -1.2417411544368975,
            -0.4547323540410524,
            -1.9252829772120787,
            -1.053757361205434,
            -2.0938496957232156,
            2.825745110589697,
            3.2719153324501313,
            2.261436920332721
        ]
    },
    "rho": 0.0026843663805414413,
    "theta": 0.0001
}