{
    "alpha": 100,
    "hidden_states": {
        "brown_layer": [
            0.0,
            0.008094139686937884,
            0.010806606610381325,
            0.01394027616454129,
            0.01841961280713926,
            0.023533919437202917,
            0.02994018822530881,
            0.03810728788721363,
            0.04798258673269128,
            0.06053821935034997,
            0.07886588758359867,
            0.10923844102222388,
            1.19676335646868,
            5.259362116389435,
            10.712206427196133,
            17.64402149015062,
            28.033452987312707,
            Infinity
        ]
    },
    "model": {
        "N0": 26178.010471204194,
        "class": "SMCModel",
        "knots": [
            0.008094139686937884,
            0.01394027616454129,
            0.023533919437202917,
            0.03810728788721363,
            0.06053821935034997,
            0.10923844102222388,
            5.259362116389435,
            17.64402149015062
        ],
        "pid": "brown_layer",
        "spline_class": "Piecewise",
        "y": [
            -0.9726774721272476,
            0.11190174050688433,
            -1.668723507204678,
            -1.2262492827806102,
            -2.0455948249724902,
            2.660096067592366,
            3.2747814348557656,
            2.195051544848409
        ]
    },
    "rho": 0.001893122745038904,
    "theta": 0.0001
}