{
    "alpha": 100,
    "hidden_states": {
        "ixworth": [
            0.0,
            0.013939939630245457,
            0.018305255054313362,
            0.02348255362506741,
            0.03020962601590293,
            0.0384924226949572,
            0.04958727493530051,
            0.06494678685441092,
            0.08642045074856383,
            0.12394482087644802,
            1.92966967020926,
            6.460349031161856,
            11.359702115149771,
            16.65690901840872,
            21.44693331954891,
            26.523979298801883,
            37.83352180143437,
            Infinity
        ]
    },
    "model": {
        "N0": 26178.010471204194,
        "class": "SMCModel",
        "knots": [
            0.013939939630245457,
            0.02348255362506741,
            0.0384924226949572,
            0.06494678685441092,
            0.12394482087644802,
            6.460349031161856,
            16.65690901840872,
            26.523979298801883
        ],
        "pid": "ixworth",
        "spline_class": "Piecewise",
        "y": [
            -1.1086923175687762,
            0.1663311759278305,
            3.8710498170344616,
            -1.758867433346169,
            3.2314141963860155,
            3.7099234530828045,
            2.8473262265265693,
            2.6950689085749047
        ]
    },
    "rho": 0.004064193356192945,
    "theta": 0.0001
}