{
    "alpha": 100,
    "hidden_states": {
        "ixworth": [
            0.0,
            0.013939939630245457,
            0.018305255054313362,
            0.02348255362506741,
            0.03020962601590293,
            0.0384924226949572,
            0.04958727493530051,
            0.06494678685441092,
            0.08642045074856383,
            0.12394482087644802,
            1.92966967020926,
            6.460349031161856,
            11.359702115149771,
            16.65690901840872,
            21.44693331954891,
            26.523979298801883,
            37.83352180143437,
            Infinity
        ]
    },
    "model": {
        "N0": 26178.010471204194,
        "class": "SMCModel",
        "knots": [
            0.013939939630245457,
            0.02348255362506741,
            0.0384924226949572,
            0.06494678685441092,
            0.12394482087644802,
            6.460349031161856,
            16.65690901840872,
            26.523979298801883
        ],
        "pid": "ixworth",
        "spline_class": "Piecewise",
        "y": [
            -0.8988436618082476,
            0.26469713545411994,
            3.7801613821626603,
            -1.7605989676783642,
            3.162022403050981,
            3.7238141209112823,
            2.8546276189286486,
            2.63638960090554
        ]
    },
    "rho": 0.0033291517561154105,
    "theta": 0.0001
}