{
    "alpha": 100,
    "hidden_states": {
        "ixworth": [
            0.0,
            0.013939939630245457,
            0.018305255054313362,
            0.02348255362506741,
            0.03020962601590293,
            0.0384924226949572,
            0.04958727493530051,
            0.06494678685441092,
            0.08642045074856383,
            0.12394482087644802,
            1.92966967020926,
            6.460349031161856,
            11.359702115149771,
            16.65690901840872,
            21.44693331954891,
            26.523979298801883,
            37.83352180143437,
            Infinity
        ]
    },
    "model": {
        "N0": 26178.010471204194,
        "class": "SMCModel",
        "knots": [
            0.013939939630245457,
            0.02348255362506741,
            0.0384924226949572,
            0.06494678685441092,
            0.12394482087644802,
            6.460349031161856,
            16.65690901840872,
            26.523979298801883
        ],
        "pid": "ixworth",
        "spline_class": "Piecewise",
        "y": [
            -1.1433738973308913,
            0.15439769332227504,
            3.8929545202532956,
            -1.7578849034330142,
            3.264288350851332,
            3.702092255676145,
            2.841841920010538,
            2.7286563181445
        ]
    },
    "rho": 0.004523202739091223,
    "theta": 0.0001
}