{
    "alpha": 100,
    "hidden_states": {
        "red_junglefowl": [
            0.0,
            0.9934296818145435,
            1.337428743012521,
            1.889021275413522,
            2.568551704954895,
            3.290431910285888,
            4.6398562640140355,
            6.351261598746792,
            8.93602585613722,
            10.517026892520269,
            12.784569348714166,
            15.559089687106919,
            18.39989292678359,
            21.080189229762563,
            23.556677794157082,
            26.072639010139685,
            33.75340825840611,
            Infinity
        ]
    },
    "model": {
        "N0": 26178.010471204194,
        "class": "SMCModel",
        "knots": [
            0.9934296818145435,
            1.889021275413522,
            3.290431910285888,
            6.351261598746792,
            10.517026892520269,
            15.559089687106919,
            21.080189229762563,
            26.072639010139685
        ],
        "pid": "red_junglefowl",
        "spline_class": "Piecewise",
        "y": [
            2.275794462195611,
            3.4359773384565564,
            3.305147155301651,
            3.4513986156905294,
            2.9453242573066976,
            3.0988095943607603,
            1.5222246589482331,
            2.831627217335866
        ]
    },
    "rho": 0.0026065714932325492,
    "theta": 0.0001
}