{
    "alpha": 100,
    "hidden_states": {
        "red_junglefowl": [
            0.0,
            0.9934296818145435,
            1.337428743012521,
            1.889021275413522,
            2.568551704954895,
            3.290431910285888,
            4.6398562640140355,
            6.351261598746792,
            8.93602585613722,
            10.517026892520269,
            12.784569348714166,
            15.559089687106919,
            18.39989292678359,
            21.080189229762563,
            23.556677794157082,
            26.072639010139685,
            33.75340825840611,
            Infinity
        ]
    },
    "model": {
        "N0": 26178.010471204194,
        "class": "SMCModel",
        "knots": [
            0.9934296818145435,
            1.889021275413522,
            3.290431910285888,
            6.351261598746792,
            10.517026892520269,
            15.559089687106919,
            21.080189229762563,
            26.072639010139685
        ],
        "pid": "red_junglefowl",
        "spline_class": "Piecewise",
        "y": [
            2.343834945638942,
            3.6083771075988036,
            3.307651838929333,
            3.399974734966952,
            2.943486830292458,
            3.1453657063865257,
            1.6158221563922408,
            2.819718695710605
        ]
    },
    "rho": 0.003686534872060165,
    "theta": 0.0001
}