{
    "alpha": 100,
    "hidden_states": {
        "brown_layer": [
            0.0,
            0.00817636713519149,
            0.010706760792619533,
            0.013885017865679654,
            0.018093047286837395,
            0.023144743746870124,
            0.029633655413620993,
            0.037442515974761996,
            0.04785326697789724,
            0.06141004996397222,
            0.080622887838221,
            0.11869751802879314,
            1.5870146958559799,
            5.798202532140374,
            10.91262893355442,
            17.579993057762458,
            27.96965164452496,
            Infinity
        ]
    },
    "model": {
        "N0": 26178.010471204194,
        "class": "SMCModel",
        "knots": [
            0.00817636713519149,
            0.013885017865679654,
            0.023144743746870124,
            0.037442515974761996,
            0.06141004996397222,
            0.11869751802879314,
            5.798202532140374,
            17.579993057762458
        ],
        "pid": "brown_layer",
        "spline_class": "Piecewise",
        "y": [
            -0.8514872019177439,
            0.4989084487345136,
            -1.356709207680957,
            -1.1734478552478351,
            -1.8999766786336962,
            2.58734525369587,
            3.2624934114481974,
            2.1759554147652906
        ]
    },
    "rho": 0.001507452177317127,
    "theta": 0.0001
}