{
    "alpha": 100,
    "hidden_states": {
        "brown_layer": [
            0.0,
            0.00817636713519149,
            0.010706760792619533,
            0.013885017865679654,
            0.018093047286837395,
            0.023144743746870124,
            0.029633655413620993,
            0.037442515974761996,
            0.04785326697789724,
            0.06141004996397222,
            0.080622887838221,
            0.11869751802879314,
            1.5870146958559799,
            5.798202532140374,
            10.91262893355442,
            17.579993057762458,
            27.96965164452496,
            Infinity
        ]
    },
    "model": {
        "N0": 26178.010471204194,
        "class": "SMCModel",
        "knots": [
            0.00817636713519149,
            0.013885017865679654,
            0.023144743746870124,
            0.037442515974761996,
            0.06141004996397222,
            0.11869751802879314,
            5.798202532140374,
            17.579993057762458
        ],
        "pid": "brown_layer",
        "spline_class": "Piecewise",
        "y": [
            -1.8469666093256039,
            -1.130887058324896,
            -2.542606123814808,
            0.8426697059484416,
            -2.0000640506063676,
            3.098594169437256,
            3.1828976128939805,
            2.4965392867399214
        ]
    },
    "rho": 0.006816626534409397,
    "theta": 0.0001
}