{
    "alpha": 100,
    "hidden_states": {
        "red_junglefowl": [
            0.0,
            1.2598057112781598,
            2.0323462293891557,
            2.71725061646535,
            3.6484523381959044,
            5.096252582570595,
            6.214119093583369,
            7.70325744175773,
            9.375274006267514,
            10.999827426754619,
            13.184750824122716,
            15.890478117626333,
            18.739530044992765,
            21.242027611737875,
            23.49144120564499,
            26.172259921080446,
            33.55783762289772,
            Infinity
        ]
    },
    "model": {
        "N0": 26178.010471204194,
        "class": "SMCModel",
        "knots": [
            1.2598057112781598,
            2.71725061646535,
            5.096252582570595,
            7.70325744175773,
            10.999827426754619,
            15.890478117626333,
            21.242027611737875,
            26.172259921080446
        ],
        "pid": "red_junglefowl",
        "spline_class": "Piecewise",
        "y": [
            2.4033082342631746,
            3.4288472124781815,
            3.4167450356309454,
            3.415715277041912,
            2.908097710885557,
            3.0450387406880046,
            1.3644905672967245,
            2.9778891322636634
        ]
    },
    "rho": 0.001768187230896471,
    "theta": 0.0001
}