{
    "alpha": 100,
    "hidden_states": {
        "red_junglefowl": [
            0.0,
            1.2598057112781598,
            2.0323462293891557,
            2.71725061646535,
            3.6484523381959044,
            5.096252582570595,
            6.214119093583369,
            7.70325744175773,
            9.375274006267514,
            10.999827426754619,
            13.184750824122716,
            15.890478117626333,
            18.739530044992765,
            21.242027611737875,
            23.49144120564499,
            26.172259921080446,
            33.55783762289772,
            Infinity
        ]
    },
    "model": {
        "N0": 26178.010471204194,
        "class": "SMCModel",
        "knots": [
            1.2598057112781598,
            2.71725061646535,
            5.096252582570595,
            7.70325744175773,
            10.999827426754619,
            15.890478117626333,
            21.242027611737875,
            26.172259921080446
        ],
        "pid": "red_junglefowl",
        "spline_class": "Piecewise",
        "y": [
            2.6239161803472264,
            3.7571693890762483,
            3.2600230129891865,
            3.2508561602925123,
            2.9082671887809317,
            3.2527548605238383,
            1.6317424955974873,
            2.886837951301487
        ]
    },
    "rho": 0.0052220276552747335,
    "theta": 0.0001
}