{
    "alpha": 100,
    "hidden_states": {
        "brown_layer": [
            0.0,
            0.007876774413763226,
            0.01038036445048556,
            0.013405458195183642,
            0.017124885246926055,
            0.021976768502262965,
            0.027933964013828107,
            0.035420679374046096,
            0.044633686825522566,
            0.05653216162099082,
            0.07263630444329695,
            0.09933052297101759,
            0.5864638706308768,
            3.4948580379225764,
            9.480941728996362,
            16.50723395489359,
            26.914336404511772,
            Infinity
        ]
    },
    "model": {
        "N0": 26178.010471204194,
        "class": "SMCModel",
        "knots": [
            0.007876774413763226,
            0.013405458195183642,
            0.021976768502262965,
            0.035420679374046096,
            0.05653216162099082,
            0.09933052297101759,
            3.4948580379225764,
            16.50723395489359
        ],
        "pid": "brown_layer",
        "spline_class": "Piecewise",
        "y": [
            0.2196739290566285,
            4.041511869345173,
            -0.40239681663325183,
            -1.0666381021237725,
            -1.383566126407414,
            1.4173035071527076,
            2.909122866531548,
            2.5692763322856407
        ]
    },
    "rho": 0.00021050773978072067,
    "theta": 0.0001
}