{
    "alpha": 100,
    "hidden_states": {
        "brown_layer": [
            0.0,
            0.007876774413763226,
            0.01038036445048556,
            0.013405458195183642,
            0.017124885246926055,
            0.021976768502262965,
            0.027933964013828107,
            0.035420679374046096,
            0.044633686825522566,
            0.05653216162099082,
            0.07263630444329695,
            0.09933052297101759,
            0.5864638706308768,
            3.4948580379225764,
            9.480941728996362,
            16.50723395489359,
            26.914336404511772,
            Infinity
        ]
    },
    "model": {
        "N0": 26178.010471204194,
        "class": "SMCModel",
        "knots": [
            0.007876774413763226,
            0.013405458195183642,
            0.021976768502262965,
            0.035420679374046096,
            0.05653216162099082,
            0.09933052297101759,
            3.4948580379225764,
            16.50723395489359
        ],
        "pid": "brown_layer",
        "spline_class": "Piecewise",
        "y": [
            -0.33703934157004084,
            -0.38961616324061965,
            -1.9022354291168246,
            -1.4801328414799608,
            -2.1546514056837767,
            2.3214335907623638,
            3.3058306492859217,
            2.2975946326325625
        ]
    },
    "rho": 0.002912714751877444,
    "theta": 0.0001
}