{
    "alpha": 100,
    "hidden_states": {
        "broiler_line_A": [
            0.0,
            0.03168172048326977,
            0.040129942808826174,
            0.05157438848872452,
            0.06578201699360843,
            0.08565501272142208,
            0.11241034863797054,
            0.1605774385283412,
            1.4075067318235301,
            3.700799475426552,
            6.325430100301182,
            9.875506771465815,
            13.224038752364876,
            17.397125620903726,
            21.056722152856302,
            24.999076993172224,
            34.622363963453196,
            Infinity
        ]
    },
    "model": {
        "N0": 26178.010471204194,
        "class": "SMCModel",
        "knots": [
            0.03168172048326977,
            0.05157438848872452,
            0.08565501272142208,
            0.1605774385283412,
            3.700799475426552,
            9.875506771465815,
            17.397125620903726,
            24.999076993172224
        ],
        "pid": "broiler_line_A",
        "spline_class": "Piecewise",
        "y": [
            0.06320448347318972,
            1.9358040138753851,
            -1.0619350468507796,
            2.6897762820573146,
            3.8544717191972584,
            3.060069878669485,
            3.3089185095821407,
            2.4584902367838057
        ]
    },
    "rho": 0.0031524581691859685,
    "theta": 0.0001
}