{
    "alpha": 100,
    "hidden_states": {
        "broiler_line_A": [
            0.0,
            0.03168172048326977,
            0.040129942808826174,
            0.05157438848872452,
            0.06578201699360843,
            0.08565501272142208,
            0.11241034863797054,
            0.1605774385283412,
            1.4075067318235301,
            3.700799475426552,
            6.325430100301182,
            9.875506771465815,
            13.224038752364876,
            17.397125620903726,
            21.056722152856302,
            24.999076993172224,
            34.622363963453196,
            Infinity
        ]
    },
    "model": {
        "N0": 26178.010471204194,
        "class": "SMCModel",
        "knots": [
            0.03168172048326977,
            0.05157438848872452,
            0.08565501272142208,
            0.1605774385283412,
            3.700799475426552,
            9.875506771465815,
            17.397125620903726,
            24.999076993172224
        ],
        "pid": "broiler_line_A",
        "spline_class": "Piecewise",
        "y": [
            0.17049789600970022,
            1.7056657280523349,
            -1.0451178056562256,
            2.639502484033818,
            3.8504048581571446,
            3.079749569011503,
            3.2851038139055944,
            2.4307209271507952
        ]
    },
    "rho": 0.0028455520028967036,
    "theta": 0.0001
}