{
    "alpha": 100,
    "hidden_states": {
        "broiler_line_A": [
            0.0,
            0.03379405382987958,
            0.04260912454963192,
            0.05462538554317424,
            0.07098781145236786,
            0.09171378477306891,
            0.12082958973169669,
            0.16895682126840206,
            1.1240971605960797,
            3.002325262437656,
            5.7920517541925305,
            9.356935787230412,
            12.941329361310764,
            17.189106459135132,
            21.003684508910652,
            24.86961884660115,
            34.933894562984506,
            Infinity
        ]
    },
    "model": {
        "N0": 26178.010471204194,
        "class": "SMCModel",
        "knots": [
            0.03379405382987958,
            0.05462538554317424,
            0.09171378477306891,
            0.16895682126840206,
            3.002325262437656,
            9.356935787230412,
            17.189106459135132,
            24.86961884660115
        ],
        "pid": "broiler_line_A",
        "spline_class": "Piecewise",
        "y": [
            1.3810226922363187,
            0.42280512300300294,
            -0.2459949664828372,
            1.8999298236006021,
            3.460386718945226,
            3.224978655591947,
            3.103036876452262,
            2.23429345531835
        ]
    },
    "rho": 0.00047552121982258544,
    "theta": 0.0001
}