{
    "alpha": 100,
    "hidden_states": {
        "broiler_line_A": [
            0.0,
            0.03379405382987958,
            0.04260912454963192,
            0.05462538554317424,
            0.07098781145236786,
            0.09171378477306891,
            0.12082958973169669,
            0.16895682126840206,
            1.1240971605960797,
            3.002325262437656,
            5.7920517541925305,
            9.356935787230412,
            12.941329361310764,
            17.189106459135132,
            21.003684508910652,
            24.86961884660115,
            34.933894562984506,
            Infinity
        ]
    },
    "model": {
        "N0": 26178.010471204194,
        "class": "SMCModel",
        "knots": [
            0.03379405382987958,
            0.05462538554317424,
            0.09171378477306891,
            0.16895682126840206,
            3.002325262437656,
            9.356935787230412,
            17.189106459135132,
            24.86961884660115
        ],
        "pid": "broiler_line_A",
        "spline_class": "Piecewise",
        "y": [
            -0.259957576019335,
            1.5946518331925323,
            -0.8872474337470666,
            2.532454516157096,
            3.8707698661363823,
            3.1318460233660197,
            3.297207025767282,
            2.4636706115110254
        ]
    },
    "rho": 0.0034120019968629897,
    "theta": 0.0001
}