{
    "alpha": 100,
    "hidden_states": {
        "broiler_line_A": [
            0.0,
            0.03379405382987958,
            0.04260912454963192,
            0.05462538554317424,
            0.07098781145236786,
            0.09171378477306891,
            0.12082958973169669,
            0.16895682126840206,
            1.1240971605960797,
            3.002325262437656,
            5.7920517541925305,
            9.356935787230412,
            12.941329361310764,
            17.189106459135132,
            21.003684508910652,
            24.86961884660115,
            34.933894562984506,
            Infinity
        ]
    },
    "model": {
        "N0": 26178.010471204194,
        "class": "SMCModel",
        "knots": [
            0.03379405382987958,
            0.05462538554317424,
            0.09171378477306891,
            0.16895682126840206,
            3.002325262437656,
            9.356935787230412,
            17.189106459135132,
            24.86961884660115
        ],
        "pid": "broiler_line_A",
        "spline_class": "Piecewise",
        "y": [
            -0.6074083430570739,
            3.475783329041363,
            -0.9379780082414321,
            2.786142083195993,
            3.8841456325661703,
            3.0044205707166016,
            3.4344641046000786,
            2.621258682963346
        ]
    },
    "rho": 0.005729836441066695,
    "theta": 0.0001
}