{
    "alpha": 100,
    "hidden_states": {
        "broiler_line_B": [
            0.0,
            0.017816922221650332,
            0.022814406431593003,
            0.029892040057117965,
            0.038345499584576725,
            0.04931546524025107,
            0.06425996088411744,
            0.08555586623588603,
            0.13341441456214698,
            1.9482431152036899,
            4.533240759334221,
            7.5954507011522825,
            11.644220589449809,
            15.549975403074574,
            19.893636237690163,
            24.471718239804435,
            35.83072698690534,
            Infinity
        ]
    },
    "model": {
        "N0": 26178.010471204194,
        "class": "SMCModel",
        "knots": [
            0.017816922221650332,
            0.029892040057117965,
            0.04931546524025107,
            0.08555586623588603,
            1.9482431152036899,
            7.5954507011522825,
            15.549975403074574,
            24.471718239804435
        ],
        "pid": "broiler_line_B",
        "spline_class": "Piecewise",
        "y": [
            -0.16793025354044824,
            1.651577897896038,
            -2.108015184567202,
            2.2997877978999486,
            3.6298993821570074,
            3.433119318196862,
            2.840665535239885,
            2.688241889988463
        ]
    },
    "rho": 0.00499110142597195,
    "theta": 0.0001
}