{
    "alpha": 100,
    "hidden_states": {
        "broiler_line_B": [
            0.0,
            0.017816922221650332,
            0.022814406431593003,
            0.029892040057117965,
            0.038345499584576725,
            0.04931546524025107,
            0.06425996088411744,
            0.08555586623588603,
            0.13341441456214698,
            1.9482431152036899,
            4.533240759334221,
            7.5954507011522825,
            11.644220589449809,
            15.549975403074574,
            19.893636237690163,
            24.471718239804435,
            35.83072698690534,
            Infinity
        ]
    },
    "model": {
        "N0": 26178.010471204194,
        "class": "SMCModel",
        "knots": [
            0.017816922221650332,
            0.029892040057117965,
            0.04931546524025107,
            0.08555586623588603,
            1.9482431152036899,
            7.5954507011522825,
            15.549975403074574,
            24.471718239804435
        ],
        "pid": "broiler_line_B",
        "spline_class": "Piecewise",
        "y": [
            1.560180394954699,
            0.6706230345374271,
            -1.8856273026265067,
            1.88110235332852,
            3.5376638303674213,
            3.5303025716414496,
            2.8331541278624304,
            2.468900665435046
        ]
    },
    "rho": 0.002331988434337474,
    "theta": 0.0001
}