{
    "alpha": 100,
    "hidden_states": {
        "broiler_line_B": [
            0.0,
            0.017816922221650332,
            0.022814406431593003,
            0.029892040057117965,
            0.038345499584576725,
            0.04931546524025107,
            0.06425996088411744,
            0.08555586623588603,
            0.13341441456214698,
            1.9482431152036899,
            4.533240759334221,
            7.5954507011522825,
            11.644220589449809,
            15.549975403074574,
            19.893636237690163,
            24.471718239804435,
            35.83072698690534,
            Infinity
        ]
    },
    "model": {
        "N0": 26178.010471204194,
        "class": "SMCModel",
        "knots": [
            0.017816922221650332,
            0.029892040057117965,
            0.04931546524025107,
            0.08555586623588603,
            1.9482431152036899,
            7.5954507011522825,
            15.549975403074574,
            24.471718239804435
        ],
        "pid": "broiler_line_B",
        "spline_class": "Piecewise",
        "y": [
            0.3193966356711712,
            1.1188035899482949,
            -2.0597046185037398,
            2.1497122823535664,
            3.6200127564057505,
            3.467941994398651,
            2.8424895815620648,
            2.6124440491827405
        ]
    },
    "rho": 0.0038924873351405586,
    "theta": 0.0001
}