{
    "alpha": 100,
    "hidden_states": {
        "ixworth": [
            0.0,
            0.02247160396273787,
            0.028871740477464717,
            0.03739924341097124,
            0.04696900597103803,
            0.06050699976562387,
            0.07803835764726619,
            0.10254342255577885,
            0.14785711560219844,
            1.7941747626208633,
            4.669423755455198,
            8.80324379064323,
            12.283575123779114,
            17.128671662579784,
            21.915611984605842,
            26.767543999831304,
            37.31308375235869,
            Infinity
        ]
    },
    "model": {
        "N0": 26178.010471204194,
        "class": "SMCModel",
        "knots": [
            0.02247160396273787,
            0.03739924341097124,
            0.06050699976562387,
            0.10254342255577885,
            1.7941747626208633,
            8.80324379064323,
            17.128671662579784,
            26.767543999831304
        ],
        "pid": "ixworth",
        "spline_class": "Piecewise",
        "y": [
            0.06777984353977311,
            1.611749458780778,
            -1.0063335729975142,
            1.516411079703171,
            3.358185972235514,
            3.6217276775766085,
            2.747234909797114,
            2.4437463063883405
        ]
    },
    "rho": 0.0011629230174049722,
    "theta": 0.0001
}