{
    "alpha": 100,
    "hidden_states": {
        "ixworth": [
            0.0,
            0.02247160396273787,
            0.028871740477464717,
            0.03739924341097124,
            0.04696900597103803,
            0.06050699976562387,
            0.07803835764726619,
            0.10254342255577885,
            0.14785711560219844,
            1.7941747626208633,
            4.669423755455198,
            8.80324379064323,
            12.283575123779114,
            17.128671662579784,
            21.915611984605842,
            26.767543999831304,
            37.31308375235869,
            Infinity
        ]
    },
    "model": {
        "N0": 26178.010471204194,
        "class": "SMCModel",
        "knots": [
            0.02247160396273787,
            0.03739924341097124,
            0.06050699976562387,
            0.10254342255577885,
            1.7941747626208633,
            8.80324379064323,
            17.128671662579784,
            26.767543999831304
        ],
        "pid": "ixworth",
        "spline_class": "Piecewise",
        "y": [
            -0.7714659952479571,
            3.289355948381463,
            -1.6693432363994647,
            2.1847696640582406,
            3.6514717805162618,
            3.522879455679699,
            2.7913830246205076,
            2.7633032439610767
        ]
    },
    "rho": 0.005285860831308252,
    "theta": 0.0001
}