{
    "alpha": 100,
    "hidden_states": {
        "ixworth": [
            0.0,
            0.017028463918274363,
            0.022390142326371515,
            0.029299621429088537,
            0.03785536616265933,
            0.048227475796553156,
            0.06166004864980871,
            0.08094763551416893,
            0.1105950209291892,
            0.3607984503969519,
            3.8755091933002066,
            8.77782588712863,
            12.701562660870113,
            17.414760475278804,
            22.097436173239473,
            26.86998179567113,
            37.50181080421125,
            Infinity
        ]
    },
    "model": {
        "N0": 26178.010471204194,
        "class": "SMCModel",
        "knots": [
            0.017028463918274363,
            0.029299621429088537,
            0.048227475796553156,
            0.08094763551416893,
            0.3607984503969519,
            8.77782588712863,
            17.414760475278804,
            26.86998179567113
        ],
        "pid": "ixworth",
        "spline_class": "Piecewise",
        "y": [
            -1.390935041125241,
            -0.1047062813904992,
            3.845518742693333,
            -0.09609008768808344,
            3.5083138519265953,
            3.569360734310415,
            2.705885332386376,
            2.7741506228827917
        ]
    },
    "rho": 0.004933657337269982,
    "theta": 0.0001
}