{
    "alpha": 100,
    "hidden_states": {
        "ixworth": [
            0.0,
            0.017028463918274363,
            0.022390142326371515,
            0.029299621429088537,
            0.03785536616265933,
            0.048227475796553156,
            0.06166004864980871,
            0.08094763551416893,
            0.1105950209291892,
            0.3607984503969519,
            3.8755091933002066,
            8.77782588712863,
            12.701562660870113,
            17.414760475278804,
            22.097436173239473,
            26.86998179567113,
            37.50181080421125,
            Infinity
        ]
    },
    "model": {
        "N0": 26178.010471204194,
        "class": "SMCModel",
        "knots": [
            0.017028463918274363,
            0.029299621429088537,
            0.048227475796553156,
            0.08094763551416893,
            0.3607984503969519,
            8.77782588712863,
            17.414760475278804,
            26.86998179567113
        ],
        "pid": "ixworth",
        "spline_class": "Piecewise",
        "y": [
            -0.48026165107014834,
            0.4168738291527446,
            3.556888565265092,
            -0.24746046951773945,
            3.2774034143195645,
            3.6524905570754584,
            2.7017912004670355,
            2.521602146129595
        ]
    },
    "rho": 0.0020104900614444344,
    "theta": 0.0001
}