{
    "alpha": 100,
    "hidden_states": {
        "red_junglefowl": [
            0.0,
            0.9582174383773459,
            1.3087252953077726,
            2.0821985317688707,
            2.9405562136748133,
            3.940454475934124,
            5.506370345939431,
            6.828872153456014,
            8.847112256657699,
            10.815346429828853,
            12.984017117992062,
            15.621619893001485,
            18.535322913987134,
            21.042009551954205,
            23.315444794991272,
            26.09981042332623,
            33.675426509305304,
            Infinity
        ]
    },
    "model": {
        "N0": 26178.010471204194,
        "class": "SMCModel",
        "knots": [
            0.9582174383773459,
            2.0821985317688707,
            3.940454475934124,
            6.828872153456014,
            10.815346429828853,
            15.621619893001485,
            21.042009551954205,
            26.09981042332623
        ],
        "pid": "red_junglefowl",
        "spline_class": "Piecewise",
        "y": [
            2.116665417404194,
            2.9917964651442994,
            3.187487606659871,
            3.4823567654319456,
            2.82255600307185,
            2.9556543952275582,
            1.4322661599049622,
            3.5347113713069844
        ]
    },
    "rho": 0.0006262759179835605,
    "theta": 0.0001
}