{
    "alpha": 100,
    "hidden_states": {
        "red_junglefowl": [
            0.0,
            0.9582174383773459,
            1.3087252953077726,
            2.0821985317688707,
            2.9405562136748133,
            3.940454475934124,
            5.506370345939431,
            6.828872153456014,
            8.847112256657699,
            10.815346429828853,
            12.984017117992062,
            15.621619893001485,
            18.535322913987134,
            21.042009551954205,
            23.315444794991272,
            26.09981042332623,
            33.675426509305304,
            Infinity
        ]
    },
    "model": {
        "N0": 26178.010471204194,
        "class": "SMCModel",
        "knots": [
            0.9582174383773459,
            2.0821985317688707,
            3.940454475934124,
            6.828872153456014,
            10.815346429828853,
            15.621619893001485,
            21.042009551954205,
            26.09981042332623
        ],
        "pid": "red_junglefowl",
        "spline_class": "Piecewise",
        "y": [
            2.157575026598764,
            3.09689974280545,
            3.222408823906065,
            3.5039989425564015,
            2.857720204009035,
            3.0183688783074776,
            1.413428790243322,
            3.3205713285696934
        ]
    },
    "rho": 0.0008967150711859445,
    "theta": 0.0001
}