{
    "alpha": 100,
    "hidden_states": {
        "red_junglefowl": [
            0.0,
            0.9582174383773459,
            1.3087252953077726,
            2.0821985317688707,
            2.9405562136748133,
            3.940454475934124,
            5.506370345939431,
            6.828872153456014,
            8.847112256657699,
            10.815346429828853,
            12.984017117992062,
            15.621619893001485,
            18.535322913987134,
            21.042009551954205,
            23.315444794991272,
            26.09981042332623,
            33.675426509305304,
            Infinity
        ]
    },
    "model": {
        "N0": 26178.010471204194,
        "class": "SMCModel",
        "knots": [
            0.9582174383773459,
            2.0821985317688707,
            3.940454475934124,
            6.828872153456014,
            10.815346429828853,
            15.621619893001485,
            21.042009551954205,
            26.09981042332623
        ],
        "pid": "red_junglefowl",
        "spline_class": "Piecewise",
        "y": [
            2.2930963493712313,
            3.428967464145401,
            3.2946682221180126,
            3.470342097372479,
            2.8943709511284132,
            3.180591746906126,
            1.5156864367029204,
            2.8755092443365564
        ]
    },
    "rho": 0.0021019230173004847,
    "theta": 0.0001
}