{
    "alpha": 100,
    "hidden_states": {
        "white_layer": [
            0.0,
            0.00612468009625124,
            0.007954162590798869,
            0.01041727011810869,
            0.013729084338698586,
            0.017689112682049476,
            0.02238327685111383,
            0.028233958024772153,
            0.035335488891599674,
            0.04444849929946273,
            0.05713946166682332,
            0.07609870119709358,
            0.14305495832966258,
            2.5500437432385454,
            7.096095006521343,
            13.458270696999291,
            27.51781479842011,
            Infinity
        ]
    },
    "model": {
        "N0": 26178.010471204194,
        "class": "SMCModel",
        "knots": [
            0.00612468009625124,
            0.01041727011810869,
            0.017689112682049476,
            0.028233958024772153,
            0.04444849929946273,
            0.07609870119709358,
            2.5500437432385454,
            13.458270696999291
        ],
        "pid": "white_layer",
        "spline_class": "Piecewise",
        "y": [
            -2.7515711447550695,
            -1.4982397285343703,
            -1.5668652475924327,
            -1.2549443312051507,
            -2.5226523549438147,
            1.6703222838578964,
            3.5557579314169425,
            2.582155660319894
        ]
    },
    "rho": 0.0030635094579828685,
    "theta": 0.0001
}