{
    "alpha": 100,
    "hidden_states": {
        "white_layer": [
            0.0,
            0.00612468009625124,
            0.007954162590798869,
            0.01041727011810869,
            0.013729084338698586,
            0.017689112682049476,
            0.02238327685111383,
            0.028233958024772153,
            0.035335488891599674,
            0.04444849929946273,
            0.05713946166682332,
            0.07609870119709358,
            0.14305495832966258,
            2.5500437432385454,
            7.096095006521343,
            13.458270696999291,
            27.51781479842011,
            Infinity
        ]
    },
    "model": {
        "N0": 26178.010471204194,
        "class": "SMCModel",
        "knots": [
            0.00612468009625124,
            0.01041727011810869,
            0.017689112682049476,
            0.028233958024772153,
            0.04444849929946273,
            0.07609870119709358,
            2.5500437432385454,
            13.458270696999291
        ],
        "pid": "white_layer",
        "spline_class": "Piecewise",
        "y": [
            -2.7991656230011497,
            -1.1754110087261782,
            -2.0001270063717413,
            0.6841913712234076,
            -2.966733193719387,
            2.1875081742471707,
            3.4196611750131214,
            2.7651772727716493
        ]
    },
    "rho": 0.008518078898830357,
    "theta": 0.0001
}