{
    "alpha": 100,
    "hidden_states": {
        "broiler_line_B": [
            0.0,
            0.015836891539067942,
            0.020446051127853398,
            0.025899416067400885,
            0.033275599923232126,
            0.041865199384491306,
            0.05307529506498216,
            0.06903106289603914,
            0.09410011100388668,
            0.802089110957427,
            2.9379878341705052,
            6.225577835967019,
            10.059696159619808,
            14.636494224995372,
            18.812957099860423,
            24.182500732044655,
            35.88605699381121,
            Infinity
        ]
    },
    "model": {
        "N0": 26178.010471204194,
        "class": "SMCModel",
        "knots": [
            0.015836891539067942,
            0.025899416067400885,
            0.041865199384491306,
            0.06903106289603914,
            0.802089110957427,
            6.225577835967019,
            14.636494224995372,
            24.182500732044655
        ],
        "pid": "broiler_line_B",
        "spline_class": "Piecewise",
        "y": [
            1.010643294406266,
            -0.6822933153061572,
            -1.7274984299811027,
            0.9369036773787243,
            3.269173712883101,
            3.6097355183833644,
            2.8615022587504657,
            2.5833010696186935
        ]
    },
    "rho": 0.0032996260070021137,
    "theta": 0.0001
}