{
    "alpha": 100,
    "hidden_states": {
        "broiler_line_B": [
            0.0,
            0.015836891539067942,
            0.020446051127853398,
            0.025899416067400885,
            0.033275599923232126,
            0.041865199384491306,
            0.05307529506498216,
            0.06903106289603914,
            0.09410011100388668,
            0.802089110957427,
            2.9379878341705052,
            6.225577835967019,
            10.059696159619808,
            14.636494224995372,
            18.812957099860423,
            24.182500732044655,
            35.88605699381121,
            Infinity
        ]
    },
    "model": {
        "N0": 26178.010471204194,
        "class": "SMCModel",
        "knots": [
            0.015836891539067942,
            0.025899416067400885,
            0.041865199384491306,
            0.06903106289603914,
            0.802089110957427,
            6.225577835967019,
            14.636494224995372,
            24.182500732044655
        ],
        "pid": "broiler_line_B",
        "spline_class": "Piecewise",
        "y": [
            4.529446563822322,
            2.1417437409494973,
            -0.780594383214492,
            0.7482515522546282,
            2.8261341586554956,
            3.542862433990234,
            2.871059213969055,
            2.3992290949209307
        ]
    },
    "rho": 0.00087368231691703,
    "theta": 0.0001
}