{
    "alpha": 100,
    "hidden_states": {
        "broiler_line_B": [
            0.0,
            0.021133104513437202,
            0.026650347634830113,
            0.03359646918194325,
            0.04318087308379891,
            0.05712874619651279,
            0.07566371216292164,
            0.10643009746132928,
            0.950949171045431,
            2.72010707672788,
            5.259657371227986,
            7.852941541518297,
            11.929285104897646,
            15.811239874666777,
            19.85394284909055,
            24.49661272340505,
            35.653093803540436,
            Infinity
        ]
    },
    "model": {
        "N0": 26178.010471204194,
        "class": "SMCModel",
        "knots": [
            0.021133104513437202,
            0.03359646918194325,
            0.05712874619651279,
            0.10643009746132928,
            2.72010707672788,
            7.852941541518297,
            15.811239874666777,
            24.49661272340505
        ],
        "pid": "broiler_line_B",
        "spline_class": "Piecewise",
        "y": [
            1.1353738442214385,
            0.5074552557645726,
            -1.34781251671437,
            1.9865475890766968,
            3.596614361313964,
            3.4510312626729305,
            2.854039260797431,
            2.411948316692592
        ]
    },
    "rho": 0.001567670215670338,
    "theta": 0.0001
}