{
    "alpha": 100,
    "hidden_states": {
        "broiler_line_B": [
            0.0,
            0.021133104513437202,
            0.026650347634830113,
            0.03359646918194325,
            0.04318087308379891,
            0.05712874619651279,
            0.07566371216292164,
            0.10643009746132928,
            0.950949171045431,
            2.72010707672788,
            5.259657371227986,
            7.852941541518297,
            11.929285104897646,
            15.811239874666777,
            19.85394284909055,
            24.49661272340505,
            35.653093803540436,
            Infinity
        ]
    },
    "model": {
        "N0": 26178.010471204194,
        "class": "SMCModel",
        "knots": [
            0.021133104513437202,
            0.03359646918194325,
            0.05712874619651279,
            0.10643009746132928,
            2.72010707672788,
            7.852941541518297,
            15.811239874666777,
            24.49661272340505
        ],
        "pid": "broiler_line_B",
        "spline_class": "Piecewise",
        "y": [
            3.726023896586973,
            0.5672319234587933,
            -0.9130283504716326,
            1.7382917750724869,
            3.3030768190412467,
            3.333255341084138,
            2.8904470435635172,
            2.468679808967083
        ]
    },
    "rho": 0.0005031882904532299,
    "theta": 0.0001
}