{
    "alpha": 100,
    "hidden_states": {
        "broiler_line_B": [
            0.0,
            0.021133104513437202,
            0.026650347634830113,
            0.03359646918194325,
            0.04318087308379891,
            0.05712874619651279,
            0.07566371216292164,
            0.10643009746132928,
            0.950949171045431,
            2.72010707672788,
            5.259657371227986,
            7.852941541518297,
            11.929285104897646,
            15.811239874666777,
            19.85394284909055,
            24.49661272340505,
            35.653093803540436,
            Infinity
        ]
    },
    "model": {
        "N0": 26178.010471204194,
        "class": "SMCModel",
        "knots": [
            0.021133104513437202,
            0.03359646918194325,
            0.05712874619651279,
            0.10643009746132928,
            2.72010707672788,
            7.852941541518297,
            15.811239874666777,
            24.49661272340505
        ],
        "pid": "broiler_line_B",
        "spline_class": "Piecewise",
        "y": [
            0.15211837731508415,
            0.4401189514232933,
            -1.5733222413498213,
            2.2481668194711997,
            3.718252119331367,
            3.4199418245710476,
            2.8699739702220826,
            2.5321721204499417
        ]
    },
    "rho": 0.0028801697450931162,
    "theta": 0.0001
}