{
    "alpha": 100,
    "hidden_states": {
        "ixworth": [
            0.0,
            0.014418439723630617,
            0.018994200199241702,
            0.02521444294558111,
            0.032727816864334215,
            0.04249664945142571,
            0.054891047748007925,
            0.07138971514771299,
            0.0959812580783944,
            0.1496212241216579,
            2.891555852761785,
            7.42894378392076,
            11.810038759690393,
            16.70955738211593,
            21.691554596541692,
            26.584547319865024,
            37.545288445045955,
            Infinity
        ]
    },
    "model": {
        "N0": 26178.010471204194,
        "class": "SMCModel",
        "knots": [
            0.014418439723630617,
            0.02521444294558111,
            0.04249664945142571,
            0.07138971514771299,
            0.1496212241216579,
            7.42894378392076,
            16.70955738211593,
            26.584547319865024
        ],
        "pid": "ixworth",
        "spline_class": "Piecewise",
        "y": [
            -0.6242026412095873,
            2.066304954622115,
            4.157664187258128,
            -1.5898742530473349,
            3.1571900023339783,
            3.7790312428703956,
            2.8138020369480548,
            2.5417621577572627
        ]
    },
    "rho": 0.002347352066489047,
    "theta": 0.0001
}