{
    "alpha": 100,
    "hidden_states": {
        "ixworth": [
            0.0,
            0.014418439723630617,
            0.018994200199241702,
            0.02521444294558111,
            0.032727816864334215,
            0.04249664945142571,
            0.054891047748007925,
            0.07138971514771299,
            0.0959812580783944,
            0.1496212241216579,
            2.891555852761785,
            7.42894378392076,
            11.810038759690393,
            16.70955738211593,
            21.691554596541692,
            26.584547319865024,
            37.545288445045955,
            Infinity
        ]
    },
    "model": {
        "N0": 26178.010471204194,
        "class": "SMCModel",
        "knots": [
            0.014418439723630617,
            0.02521444294558111,
            0.04249664945142571,
            0.07138971514771299,
            0.1496212241216579,
            7.42894378392076,
            16.70955738211593,
            26.584547319865024
        ],
        "pid": "ixworth",
        "spline_class": "Piecewise",
        "y": [
            -1.0589949529915426,
            1.7307928747408596,
            4.284727214612889,
            -1.5927474821401635,
            3.31384544314022,
            3.7378141302513437,
            2.816133776530019,
            2.6632368121564083
        ]
    },
    "rho": 0.0037111853446422805,
    "theta": 0.0001
}