{
    "alpha": 100,
    "hidden_states": {
        "ixworth": [
            0.0,
            0.014418439723630617,
            0.018994200199241702,
            0.02521444294558111,
            0.032727816864334215,
            0.04249664945142571,
            0.054891047748007925,
            0.07138971514771299,
            0.0959812580783944,
            0.1496212241216579,
            2.891555852761785,
            7.42894378392076,
            11.810038759690393,
            16.70955738211593,
            21.691554596541692,
            26.584547319865024,
            37.545288445045955,
            Infinity
        ]
    },
    "model": {
        "N0": 26178.010471204194,
        "class": "SMCModel",
        "knots": [
            0.014418439723630617,
            0.02521444294558111,
            0.04249664945142571,
            0.07138971514771299,
            0.1496212241216579,
            7.42894378392076,
            16.70955738211593,
            26.584547319865024
        ],
        "pid": "ixworth",
        "spline_class": "Piecewise",
        "y": [
            -1.3091738904087462,
            2.216173410735266,
            4.434435105543706,
            -1.570710917448542,
            3.373625492994705,
            3.7130330326627727,
            2.808512778582753,
            2.7352204603596277
        ]
    },
    "rho": 0.0046619704483383175,
    "theta": 0.0001
}