{
    "alpha": 100,
    "hidden_states": {
        "white_layer": [
            0.0,
            0.005895529883619226,
            0.007813221185038072,
            0.01044348012864127,
            0.013408964578929561,
            0.017603699543846982,
            0.022373530810343614,
            0.028320404929649087,
            0.035783886086100676,
            0.04472392014043746,
            0.056997638444411414,
            0.07467482040162952,
            0.11262972188643613,
            2.134792206681455,
            7.008389339438661,
            13.370525089521344,
            27.703293103176232,
            Infinity
        ]
    },
    "model": {
        "N0": 26178.010471204194,
        "class": "SMCModel",
        "knots": [
            0.005895529883619226,
            0.01044348012864127,
            0.017603699543846982,
            0.028320404929649087,
            0.04472392014043746,
            0.07467482040162952,
            2.134792206681455,
            13.370525089521344
        ],
        "pid": "white_layer",
        "spline_class": "Piecewise",
        "y": [
            -2.459781370797374,
            -2.034461885444034,
            -1.5208834779137421,
            -1.1891752644152322,
            -2.5981920911197416,
            1.5122501765323932,
            3.522972492662781,
            2.5944814474098497
        ]
    },
    "rho": 0.0030434853107849866,
    "theta": 0.0001
}