Population,MEAN,SD,MIN,MAX
broiler line A,0.0035513508884408547,0.0015593586944408384,1.71192e-5,0.0132445
broiler line B,0.0033281122908432105,0.001515284019606464,1.07403e-5,0.0141361
brown layer,0.0021628534877350288,0.001223782444190168,7.51521e-6,0.00957387
ixworth,0.003482804793033386,0.0015264435661019545,9.48506e-6,0.0159493
red junglefowl,0.004114318132781359,0.0016203884100296191,1.10012e-5,0.016691
white layer,0.001769198648982461,0.0011540602489811043,5.74156e-6,0.0117237
