term_name,term_id,p_value,term_size,query_size,intersection_size,precision,recall,source,effective_domain_size,source_order,parents,evidence_codes,intersection
adenylate kinase activity,GO:0004017,0.013969660442780522,8,23,2,0.08695652173913043,0.25,GO:MF,12697,676,GO:0050145,"IBA IEA,IEA","ENSGALG00000011093,ENSGALG00000011035"
nucleoside monophosphate kinase activity,GO:0050145,0.019350755733751647,13,23,2,0.08695652173913043,0.15384615384615385,GO:MF,12697,8545,"GO:0016776,GO:0019205","IBA IEA,IEA","ENSGALG00000011093,ENSGALG00000011035"
folate:anion antiporter activity,GO:0008518,0.048305373972853026,1,23,1,0.043478260869565216,1,GO:MF,12697,2233,"GO:0008517,GO:0015301",IEA,ENSGALG00000030511
methotrexate transmembrane transporter activity,GO:0015350,0.048305373972853026,1,23,1,0.043478260869565216,1,GO:MF,12697,3136,"GO:0005310,GO:0008514,GO:0042887,GO:0042910",IEA,ENSGALG00000030511
"phosphotransferase activity, phosphate group as acceptor",GO:0016776,0.048305373972853026,28,23,2,0.08695652173913043,0.07142857142857142,GO:MF,12697,3745,GO:0016772,"IBA IEA,IEA","ENSGALG00000011093,ENSGALG00000011035"
nucleobase-containing compound kinase activity,GO:0019205,0.048305373972853026,34,23,2,0.08695652173913043,0.058823529411764705,GO:MF,12697,4519,GO:0016301,"IBA IEA,IEA","ENSGALG00000011093,ENSGALG00000011035"
Thiamine metabolism,KEGG:00730,0.00522398537018556,12,11,2,0.18181818181818182,0.16666666666666666,KEGG,4831,118,KEGG:00000,"KEGG,KEGG","ENSGALG00000011093,ENSGALG00000011035"
