term_name,term_id,p_value,term_size,query_size,intersection_size,precision,recall,source,effective_domain_size,source_order,parents,evidence_codes,intersection
cytoplasmic dynein complex,GO:0005868,0.019700711590047923,21,13,2,0.15384615384615385,0.09523809523809523,GO:CC,12096,498,GO:0030286,"IEA,IBA IEA","ENSGALG00000022206,ENSGALG00000048040"
Amino acid metabolism,REAC:R-GGA-372568,0.036124146969470416,3,6,1,0.16666666666666666,0.3333333333333333,REAC,5310,97,REAC:R-GGA-1660598,REAC,ENSGALG00000017032
Arginine metabolism,REAC:R-GGA-187630,0.036124146969470416,3,6,1,0.16666666666666666,0.3333333333333333,REAC,5310,120,REAC:R-GGA-372568,REAC,ENSGALG00000017032
Vitamins,REAC:R-GGA-211916,0.036124146969470416,3,6,1,0.16666666666666666,0.3333333333333333,REAC,5310,1599,REAC:R-GGA-211897,REAC,ENSGALG00000016102
