term_name,term_id,p_value,term_size,query_size,intersection_size,precision,recall,source,effective_domain_size,source_order,parents,evidence_codes,intersection
"oxidoreductase activity, acting on paired donors, with incorporation or reduction of molecular oxygen, NAD(P)H as one donor, and incorporation of one atom of oxygen",GO:0016709,0.026649802692734526,20,15,2,0.13333333333333333,0.1,GO:MF,12697,3682,"GO:0004497,GO:0016705","IEA,IEA","ENSGALG00000032190,ENSGALG00000016102"
formyltetrahydrofolate dehydrogenase activity,GO:0016155,0.04292352524218786,1,15,1,0.06666666666666667,1,GO:MF,12697,3421,GO:0016646,IEA,ENSGALG00000012691
glycoprotein-N-acetylgalactosamine 3-beta-galactosyltransferase activity,GO:0016263,0.04292352524218786,1,15,1,0.06666666666666667,1,GO:MF,12697,3468,"GO:0048531,GO:0140103",ISS IBA IEA,ENSGALG00000009752
"Alanine, aspartate and glutamate metabolism",KEGG:00250,0.044703975784701054,34,4,1,0.25,0.029411764705882353,KEGG,4831,25,KEGG:00000,KEGG,ENSGALG00000009748
Mucin type O-glycan biosynthesis,KEGG:00512,0.044703975784701054,29,4,1,0.25,0.034482758620689655,KEGG,4831,66,KEGG:00000,KEGG,ENSGALG00000009752
Other types of O-glycan biosynthesis,KEGG:00514,0.044703975784701054,41,4,1,0.25,0.024390243902439025,KEGG,4831,68,KEGG:00000,KEGG,ENSGALG00000009752
One carbon pool by folate,KEGG:00670,0.044703975784701054,17,4,1,0.25,0.058823529411764705,KEGG,4831,114,KEGG:00000,KEGG,ENSGALG00000012691
Retinol metabolism,KEGG:00830,0.044703975784701054,36,4,1,0.25,0.027777777777777776,KEGG,4831,127,KEGG:00000,KEGG,ENSGALG00000016102
Metabolic pathways,KEGG:01100,0.044703975784701054,1322,4,4,1,0.0030257186081694403,KEGG,4831,179,KEGG:00000,"KEGG,KEGG,KEGG,KEGG","ENSGALG00000016102,ENSGALG00000009748,ENSGALG00000009752,ENSGALG00000012691"
