{
    "alpha": 100,
    "hidden_states": {
        "white_layer": [
            0.0,
            0.0065755613668330055,
            0.008717693601474204,
            0.011624733032563271,
            0.014995958829494786,
            0.019130174343094497,
            0.02394948969270662,
            0.03041988593562153,
            0.0384586526364859,
            0.048560002536423764,
            0.06166174157937795,
            0.08161435490760138,
            0.13390599219607727,
            2.321700238849751,
            6.588330279774567,
            12.72003966762322,
            27.529877649841033,
            Infinity
        ]
    },
    "model": {
        "N0": 26178.010471204194,
        "class": "SMCModel",
        "knots": [
            0.0065755613668330055,
            0.011624733032563271,
            0.019130174343094497,
            0.03041988593562153,
            0.048560002536423764,
            0.08161435490760138,
            2.321700238849751,
            12.72003966762322
        ],
        "pid": "white_layer",
        "spline_class": "Piecewise",
        "y": [
            -2.3465981116416232,
            -1.587732555076172,
            -1.6351772492599113,
            -1.1237038854748564,
            -2.8876265491233704,
            1.7398645136156414,
            3.4563118134318556,
            2.6743734985025505
        ]
    },
    "rho": 0.005214160513648324,
    "theta": 0.0001
}