{
    "alpha": 100,
    "hidden_states": {
        "white_layer": [
            0.0,
            0.0065755613668330055,
            0.008717693601474204,
            0.011624733032563271,
            0.014995958829494786,
            0.019130174343094497,
            0.02394948969270662,
            0.03041988593562153,
            0.0384586526364859,
            0.048560002536423764,
            0.06166174157937795,
            0.08161435490760138,
            0.13390599219607727,
            2.321700238849751,
            6.588330279774567,
            12.72003966762322,
            27.529877649841033,
            Infinity
        ]
    },
    "model": {
        "N0": 26178.010471204194,
        "class": "SMCModel",
        "knots": [
            0.0065755613668330055,
            0.011624733032563271,
            0.019130174343094497,
            0.03041988593562153,
            0.048560002536423764,
            0.08161435490760138,
            2.321700238849751,
            12.72003966762322
        ],
        "pid": "white_layer",
        "spline_class": "Piecewise",
        "y": [
            -2.4040885838578245,
            -2.2938241279881555,
            -1.938403230388769,
            1.433469557776758,
            -3.081596081384196,
            2.082996108816025,
            3.3352270389497085,
            2.8071385670730473
        ]
    },
    "rho": 0.009994034844839848,
    "theta": 0.0001
}