{
    "alpha": 100,
    "hidden_states": {
        "red_junglefowl": [
            0.0,
            1.1228036536829575,
            1.6610262584531548,
            2.2983617451508356,
            2.898874656723988,
            3.736296376957037,
            5.413849631532603,
            6.537937647227418,
            8.243817967208777,
            10.140514160979262,
            11.990541228866096,
            14.986400879760224,
            18.189581865655096,
            20.75345904177201,
            23.010165160577788,
            25.77416967395544,
            32.40556052319837,
            Infinity
        ]
    },
    "model": {
        "N0": 26178.010471204194,
        "class": "SMCModel",
        "knots": [
            1.1228036536829575,
            2.2983617451508356,
            3.736296376957037,
            6.537937647227418,
            10.140514160979262,
            14.986400879760224,
            20.75345904177201,
            25.77416967395544
        ],
        "pid": "red_junglefowl",
        "spline_class": "Piecewise",
        "y": [
            2.464801346937964,
            3.9244192905852424,
            3.28494707730899,
            3.308307918995068,
            2.9694385354074164,
            3.0539009637554475,
            1.6318340779246256,
            2.871554567631473
        ]
    },
    "rho": 0.004928038230192892,
    "theta": 0.0001
}