{
    "alpha": 100,
    "hidden_states": {
        "broiler_line_B": [
            0.0,
            0.016278260967427474,
            0.02095978193316803,
            0.02725801538904378,
            0.034813068120119764,
            0.043894788817784455,
            0.0564832900187701,
            0.07466891566500265,
            0.1105079100166057,
            1.5245347212163503,
            4.6450473979799805,
            7.405617307383172,
            11.45085001643975,
            15.600631616692178,
            19.8345845195066,
            24.45242142559657,
            35.43731174779169,
            Infinity
        ]
    },
    "model": {
        "N0": 26178.010471204194,
        "class": "SMCModel",
        "knots": [
            0.016278260967427474,
            0.02725801538904378,
            0.043894788817784455,
            0.07466891566500265,
            1.5245347212163503,
            7.405617307383172,
            15.600631616692178,
            24.45242142559657
        ],
        "pid": "broiler_line_B",
        "spline_class": "Piecewise",
        "y": [
            0.9271812397865391,
            0.6096964231247511,
            -2.1662507996011806,
            1.7806961066671798,
            3.602154213411334,
            3.4364374001240368,
            2.875791996962644,
            2.631033905425313
        ]
    },
    "rho": 0.003988476819048765,
    "theta": 0.0001
}