{
    "alpha": 100,
    "hidden_states": {
        "broiler_line_B": [
            0.0,
            0.016278260967427474,
            0.02095978193316803,
            0.02725801538904378,
            0.034813068120119764,
            0.043894788817784455,
            0.0564832900187701,
            0.07466891566500265,
            0.1105079100166057,
            1.5245347212163503,
            4.6450473979799805,
            7.405617307383172,
            11.45085001643975,
            15.600631616692178,
            19.8345845195066,
            24.45242142559657,
            35.43731174779169,
            Infinity
        ]
    },
    "model": {
        "N0": 26178.010471204194,
        "class": "SMCModel",
        "knots": [
            0.016278260967427474,
            0.02725801538904378,
            0.043894788817784455,
            0.07466891566500265,
            1.5245347212163503,
            7.405617307383172,
            15.600631616692178,
            24.45242142559657
        ],
        "pid": "broiler_line_B",
        "spline_class": "Piecewise",
        "y": [
            3.9660127562733085,
            0.5149712128009127,
            -1.8645207186543362,
            1.49715074968074,
            3.470994441038478,
            3.5087051606263775,
            2.867431771397494,
            2.4718922680812403
        ]
    },
    "rho": 0.002219001268239788,
    "theta": 0.0001
}