{
    "alpha": 100,
    "hidden_states": {
        "broiler_line_B": [
            0.0,
            0.016278260967427474,
            0.02095978193316803,
            0.02725801538904378,
            0.034813068120119764,
            0.043894788817784455,
            0.0564832900187701,
            0.07466891566500265,
            0.1105079100166057,
            1.5245347212163503,
            4.6450473979799805,
            7.405617307383172,
            11.45085001643975,
            15.600631616692178,
            19.8345845195066,
            24.45242142559657,
            35.43731174779169,
            Infinity
        ]
    },
    "model": {
        "N0": 26178.010471204194,
        "class": "SMCModel",
        "knots": [
            0.016278260967427474,
            0.02725801538904378,
            0.043894788817784455,
            0.07466891566500265,
            1.5245347212163503,
            7.405617307383172,
            15.600631616692178,
            24.45242142559657
        ],
        "pid": "broiler_line_B",
        "spline_class": "Piecewise",
        "y": [
            0.7423675015241817,
            0.6373582528454429,
            -2.1890348172305356,
            1.8160743540636142,
            3.610714974117409,
            3.4267952784465145,
            2.875467594249941,
            2.650169510851325
        ]
    },
    "rho": 0.004247962858779796,
    "theta": 0.0001
}