{
    "alpha": 100,
    "hidden_states": {
        "white_layer": [
            0.0,
            0.005884256179459137,
            0.0077714045067403485,
            0.010389508256300686,
            0.013487786542469807,
            0.017421227144705186,
            0.022153014061338003,
            0.02787882010605514,
            0.03525869426989403,
            0.0444004425307058,
            0.05658956282202835,
            0.07399165090074454,
            0.11396575294031759,
            2.081412899552069,
            6.496988142197442,
            13.325610281043952,
            27.626799161844453,
            Infinity
        ]
    },
    "model": {
        "N0": 26178.010471204194,
        "class": "SMCModel",
        "knots": [
            0.005884256179459137,
            0.010389508256300686,
            0.017421227144705186,
            0.02787882010605514,
            0.0444004425307058,
            0.07399165090074454,
            2.081412899552069,
            13.325610281043952
        ],
        "pid": "white_layer",
        "spline_class": "Piecewise",
        "y": [
            0.6983152919064987,
            -1.8201551936657983,
            -2.6544903092563703,
            -0.3235587238789442,
            -3.0539327901704603,
            1.9492306588281911,
            3.396985482332793,
            2.781240174997592
        ]
    },
    "rho": 0.008614238749322843,
    "theta": 0.0001
}