{
    "alpha": 100,
    "hidden_states": {
        "ixworth": [
            0.0,
            0.013139221486242627,
            0.017361323853231417,
            0.02215724117093562,
            0.028475461867189786,
            0.036680710805137406,
            0.04781301170153017,
            0.06351140095169987,
            0.09080016185606,
            1.4274887696041862,
            4.419727909089167,
            9.029714879234787,
            12.732256025538776,
            17.524070753739935,
            21.988364137820867,
            26.943111322876334,
            37.646223070390306,
            Infinity
        ]
    },
    "model": {
        "N0": 26178.010471204194,
        "class": "SMCModel",
        "knots": [
            0.013139221486242627,
            0.02215724117093562,
            0.036680710805137406,
            0.06351140095169987,
            1.4274887696041862,
            9.029714879234787,
            17.524070753739935,
            26.943111322876334
        ],
        "pid": "ixworth",
        "spline_class": "Piecewise",
        "y": [
            -0.754731751061602,
            2.0698332071840353,
            -2.0855875900510337,
            1.6613105484361805,
            3.5764575868299078,
            3.5594823535062314,
            2.77458164280772,
            2.732009827251815
        ]
    },
    "rho": 0.0042765777381347635,
    "theta": 0.0001
}