{
    "alpha": 100,
    "hidden_states": {
        "ixworth": [
            0.0,
            0.013139221486242627,
            0.017361323853231417,
            0.02215724117093562,
            0.028475461867189786,
            0.036680710805137406,
            0.04781301170153017,
            0.06351140095169987,
            0.09080016185606,
            1.4274887696041862,
            4.419727909089167,
            9.029714879234787,
            12.732256025538776,
            17.524070753739935,
            21.988364137820867,
            26.943111322876334,
            37.646223070390306,
            Infinity
        ]
    },
    "model": {
        "N0": 26178.010471204194,
        "class": "SMCModel",
        "knots": [
            0.013139221486242627,
            0.02215724117093562,
            0.036680710805137406,
            0.06351140095169987,
            1.4274887696041862,
            9.029714879234787,
            17.524070753739935,
            26.943111322876334
        ],
        "pid": "ixworth",
        "spline_class": "Piecewise",
        "y": [
            0.0034699109386648976,
            0.50841738937279,
            -0.5888302654765946,
            1.1400243613312668,
            3.089273641179324,
            3.4588764423839775,
            2.7579598561347787,
            2.6800646653002946
        ]
    },
    "rho": 0.00047165846267535193,
    "theta": 0.0001
}